no,fileName,encryptionMethod,encryptionTime,decryptionTime
1,final.txt,diy_des,138.99803161621094,126.00302696228027
1,quote.jpg,diy_des,2580.0023078918457,2724.997043609619
